car_id,car_name,car_license_plate
1,Fiesta,WS47INO
2,LeBaron,TS67WXX
3,V90,JM45GXU
4,Ranchero,BC63NIB
5,1,GT13RCB
6,Grand Caravan,RI05WFF
7,2,ZI09WRA
8,Explorer,KY97UCL
9,Accord,MZ65OPM
10,XC90,ME82EVD
11,Volt,ZO58CQW
12,Civic,DL24MCD
13,Element,TD10NSS
14,Model Y,GL63TZQ
15,Aventador,XT38EML
16,Camaro,DP54HDX
17,Escalade,VN39FGX
18,Expedition,NI07UOC
19,Colorado,YQ13ABJ
20,Model Y,KW19UNP
21,Land Cruiser,CI71GFN
22,Focus,NL79AFU
23,Cruze,QD55OKA
24,Spyder,FJ21YGN
25,Ranchero,CC55LLJ
26,Taurus,LM84AUB
27,CTS,CC61ZXU
28,Camry,YI32YCQ
29,Focus,CY54FPT
30,Element,RW17XGK
31,CX-9,FM34LCD
32,CTS,LJ83PEO
33,Spyder,HQ28WBI
34,F-150,BG39USS
35,CX-9,ZT62MFW
36,Charger,MK90ABZ
37,Ranchero,LE98JQQ
38,Spyder,ZE36DFF
39,Model S,EP34MOY
40,Accord,WG86BZM
41,Focus,XJ28KWO
42,911,EN35HBZ
43,CTS,HL65KTK
44,CTS,BS34TJJ
45,A4,UI27WNO
46,Jetta,FC28HZR
47,911,NF48ULG
48,CTS,HO08KOB
49,V90,CW95ZWN
50,A8,AR01OBY
51,2,AB26CLL
52,Explorer,WN32YKX
53,Focus,YQ44KUY
54,PT Cruiser,TY69WND
55,2,FN28BAG
56,Grand Caravan,RZ90OLP
57,LeBaron,VQ35YPP
58,Fortwo,ZV96XBD
59,Grand Cherokee,RX06RYI
60,Fiesta,MQ42UWO
61,Focus,AM83MVX
62,Land Cruiser,ON53UTY
63,ATS,CS85QJG
64,Grand Cherokee,PV62PCK
65,Prius,JW25KPZ
66,1,BO13AFX
67,Colorado,PU22PDJ
68,Colorado,XL28HRB
69,Impala,ZG95EKB
70,Fiesta,TJ20BKN
71,Camaro,JN44UUV
72,Expedition,OH25YBE
73,A8,UV65RTU
74,PT Cruiser,RF21FRB
75,El Camino,AU35TJR
76,Corvette,KU81MZG
77,Expedition,AG47MCI
78,Altima,MI49QJF
79,Focus,EG19ZOF
80,Escalade,EA14CJT
81,Fortwo,JG92WTN
82,Element,VL61XKV
83,Model T,WR69EUE
84,Ranchero,UH16SNO
85,Mercielago,JZ29SVE
86,Beetle,IW05UNS
87,Focus,VM51LIE
88,Element,YU16CSR
89,Camry,QU48QIT
90,Escalade,PR45VPI
91,Ranchero,BJ00DZM
92,Wrangler,AK80OAS
93,Model X,HI65MEN
94,1,VZ22PXZ
95,2,IK77LTI
96,Camaro,BP74YBE
97,Charger,PM23EAY
98,Fiesta,AY69VXI
99,Civic,SJ47QCH
100,XC90,LB59GIR
101,Mustang,AT88RNG
102,Challenger,JK00UPJ
103,Alpine,MQ60UPA
104,LeBaron,GW26NLU
105,Land Cruiser,TP13WMB
106,Model Y,RD57FGJ
107,Taurus,MW18RTC
108,Accord,GH72CEP
109,Explorer,DG33DPV
110,Escalade,GE14OPG
111,Prius,SC64QEX
112,Countach,MK60JUI
113,Grand Caravan,FF19RVT
114,Wrangler,TE79RPG
115,Grand Caravan,VP91SMV
116,Fortwo,ZT60ZQL
117,Grand Cherokee,UY48GUG
118,Malibu,DR18DEP
119,ATS,UA32ZKH
120,Model Y,BJ33XNW
121,Volt,NP19BDF
122,Malibu,WM35CTU
123,Impala,XL73XDI
124,1,YA65ZYZ
125,Camry,HZ75SCL
126,Accord,UN78MHU
127,PT Cruiser,CC00VLC
128,Taurus,VJ29AXR
129,Challenger,GA62BQQ
130,Model X,IJ52ABK
131,CX-9,IR10AFH
132,Model T,WL17YFZ
133,El Camino,JG67YMK
134,LeBaron,DZ95QYA
135,Escalade,RD70VXK
136,F-150,VT69ZQO
137,El Camino,QE82TIP
138,Sentra,UM23NRL
139,911,DI36PZR
140,Corvette,XO45JWJ
141,CX-9,OP24PPN
142,A4,WA59QYZ
143,Ranchero,JK46HGB
144,Land Cruiser,QI55HUT
145,Prius,FR73VJZ
146,Ranchero,WS35CLQ
147,El Camino,BQ06ZDW
148,Civic,CI80MZX
149,Alpine,QT10OFO
150,CX-9,FA31LMY
151,El Camino,ZU17STQ
152,Beetle,LR14JWT
153,Challenger,MX23BQO
154,El Camino,ZS56BST
155,Taurus,NG79DQM
156,XTS,VO65ZSV
157,Focus,MD45IUU
158,Land Cruiser,CH68RBZ
159,CTS,BM99XDO
160,Prius,PX58GTH
161,Roadster,RP65CFL
162,Golf,DW72BXQ
163,Fiesta,PY46XBO
164,Ranchero,BW54QML
165,Cruze,CF24PQF
166,Fiesta,MD11PFO
167,Model 3,AM91KTT
168,Durango,OK78PAY
169,Accord,OD87OVW
170,Model 3,WQ70GZM
171,El Camino,EQ34YKO
172,Wrangler,VR03QHF
173,911,GO76PHL
174,Durango,YH78QQH
175,Alpine,OM52IIE
176,CX-9,HG83IKX
177,Volt,CP57TPH
178,Prius,XW73UIW
179,A8,YM75MKH
180,Fiesta,DB74SOT
181,Camaro,KD83RBT
182,Wrangler,MX15DKZ
183,Grand Caravan,LK65NWN
184,Mustang,LU51MBY
185,Alpine,KX55WAI
186,Spyder,YU78WUQ
187,Element,OW70ICH
188,Mustang,FD02URI
189,Roadster,BJ46MMA
190,Silverado,LE08QOT
191,Camaro,AS19PDE
192,Volt,AU79JME
193,Alpine,DI80APG
194,CX-9,BO61IUW
195,CX-9,HO90HOW
196,Silverado,AF05KDN
197,Mustang,PF34KOH
198,Accord,EY22GNF
199,F-150,LB17SCS
200,Element,XX99HVX
201,Mercielago,EC78XWC
202,Explorer,FW82QTP
203,Model T,EN58VDU
204,F-150,QP75WSP
205,Grand Cherokee,HV62PAW
206,Mustang,KV87ZQY
207,Wrangler,TQ30YTR
208,Wrangler,LE51SDN
209,Fiesta,CG33IRM
210,LeBaron,LW97EZB
211,Camaro,RK01HXQ
212,Accord,EY70QJI
213,2,CB67WRT
214,CTS,EH73KSU
215,A8,KL75XVL
216,Cruze,ZX46ITQ
217,Mustang,HV51UYS
218,Volt,FA18LQC
219,2,MK38ATL
220,Corvette,YR82JRB
221,XC90,HY77BOW
222,Impala,EO40KHU
223,Durango,QR27PRX
224,Malibu,JF56DJL
225,Cruze,YU78YEA
226,Model 3,UU49SKE
227,Spyder,OB71UDB
228,CX-9,LO14MGJ
229,Jetta,PF90BCO
230,Grand Cherokee,WD38OIE
231,Camaro,ZB88QCB
232,Explorer,IS54ZNE
233,A4,KW91BMG
234,Camaro,JO44OJY
235,Volt,WE29IYS
236,Colorado,UU79ELP
237,Camry,GE03AXF
238,Cruze,DP62XUG
239,Accord,UQ04RKY
240,Focus,IE84MUD
241,PT Cruiser,HI96UEG
242,Ranchero,SA36UHR
243,Impala,IN19MSI
244,Land Cruiser,QC87DEY
245,El Camino,CN91NMW
246,CX-9,YQ71DEC
247,CX-9,KB91BMY
248,Taurus,XG21DNV
249,Countach,VG01TUX
250,Model T,JN17QTW
251,Expedition,DD21ZEI
252,Mustang,ZE77FNT
253,Roadster,YM22PMH
254,Countach,VJ96TZW
255,Beetle,YA57FYU
256,Mercielago,GS09TWP
257,Escalade,QU24TCO
258,Aventador,TH37DET
259,Focus,DY63OJO
260,Roadster,TP44UYI
261,PT Cruiser,RH65INK
262,Grand Caravan,XE99EFN
263,Model X,ZC50DCW
264,Impala,OG54OUE
265,Mercielago,BA68CDI
266,Taurus,NM41DFJ
267,Grand Caravan,FC79FOI
268,Land Cruiser,MW45UOC
269,Sentra,BA72LSR
270,Volt,TY44OWD
271,Volt,WI23UGS
272,2,QV67PFR
273,Model Y,HV67PAL
274,Grand Caravan,CR55ZNI
275,CTS,WF23JDI
276,Wrangler,HP03WTE
277,Prius,LA57NFS
278,A4,VC67TTY
279,Model S,GK14LOE
280,ATS,WX11YHM
281,CX-9,SR91DOT
282,Camaro,NT33WNM
283,Taurus,BU11QQA
284,Altima,KU16OUE
285,A8,YX89VBI
286,Aventador,FJ89KWO
287,Golf,DJ99HLS
288,Golf,HW18HED
289,ATS,MH70KFT
290,F-150,SH39WOK
291,Colorado,GS38VAI
292,Cruze,SO26HMC
293,Explorer,SU17VCD
294,Escalade,QR11ILL
295,Model S,BD43PDV
296,CX-9,GF31LOC
297,Model Y,CQ92BFZ
298,PT Cruiser,EP74MCJ
299,Model S,OU81EPX
300,Element,NH25CRK
301,Mustang,KY26QVT
302,Ranchero,EG47ZGS
303,Wrangler,ZQ61VJF
304,Durango,QC21LZT
305,LeBaron,PE23CCR
306,Element,SH90LYZ
307,Expedition,OG67CRA
308,Grand Cherokee,OF19AMY
309,Golf,NL31XPJ
310,Mercielago,EK28FQJ
311,Golf,UQ99HXH
312,Model S,DZ29DMG
313,Camaro,JO68FJV
314,Model Y,PP41VND
315,CTS,EA08FZJ
316,Mustang,LB28ZCS
317,Fortwo,QH67XEA
318,Fortwo,CQ44MPR
319,Mustang,UA74IWK
320,Model 3,JX32YOE
321,Impala,VY16HAA
322,Model S,ZB11ORK
323,911,NM70ABJ
324,Grand Cherokee,JY74PQS
325,Cruze,RT74IKB
326,XTS,YF85MEG
327,Land Cruiser,GE57BTB
328,Prius,FL58WNH
329,Grand Caravan,NK45SZT
330,Impala,NB06HLD
331,Jetta,QK32VNC
332,XC90,DK15LRG
333,Element,EZ88XAV
334,Camaro,TG33RQM
335,Ranchero,LJ00JHD
336,A8,YK02HWK
337,Challenger,AZ75TYU
338,El Camino,FJ22UJK
339,CX-9,NV42GPX
340,ATS,PS26COE
341,Silverado,SG84QZF
342,Silverado,JX16EDA
343,Model 3,VT35KVY
344,Mercielago,IA93WJA
345,Grand Cherokee,RO10LDP
346,Colorado,DO40JLB
347,CX-9,ZL41OIW
348,Wrangler,OS04LVF
349,PT Cruiser,MR42BBV
350,Cruze,FW78QIL
351,Model S,JB07OOE
352,Element,LR60OOI
353,Silverado,NF58KFJ
354,Altima,WV89KFO
355,Silverado,UL46VKH
356,El Camino,VS86EFD
357,Countach,TE47OKF
358,Beetle,CF84ZBI
359,Civic,BD70LCC
360,Model S,EV92HZC
361,Cruze,CH38NLS
362,2,DW89UGV
363,Grand Caravan,TR44WKD
364,Corvette,QE45PGG
365,Roadster,XU12HXN
366,PT Cruiser,UH26PTN
367,Model S,YI41XWB
368,Roadster,LE06XCW
369,Sentra,KE75JOC
370,Roadster,BI49HAF
371,A4,AR20HRF
372,A4,GF99BOH
373,Ranchero,VT74OTP
374,CTS,KL56GUJ
375,Colorado,HY45SIJ
376,Roadster,AS61AOE
377,XTS,EI82APH
378,Fiesta,BO23OPW
379,Jetta,JB62ADD
380,2,NK87TTJ
381,A4,BM98ZYV
382,CX-9,CB27OXM
383,F-150,HO85ZBV
384,Element,ZV46AGV
385,Volt,NY32WSA
386,Ranchero,EZ06CHX
387,Impala,WP26CEG
388,Spyder,SF91AVJ
389,Expedition,NT96NDC
390,Ranchero,YS65BIV
391,Aventador,RX52WUJ
392,Countach,KW38RSZ
393,1,CY48COF
394,Fortwo,GC87HRA
395,Volt,AZ03CUO
396,Impala,TF64NNC
397,1,LG53CMW
398,Colorado,VN44RJM
399,Ranchero,AB23FUJ
400,1,NS00CBJ
401,Beetle,SG69IAT
402,Silverado,VG46ZAN
403,Countach,AJ95EWN
404,2,XU79TQJ
405,Explorer,IH76DWB
406,2,FX76XAR
407,Golf,AY60IUZ
408,Roadster,EZ42AYB
409,A8,AF58OSV
410,Wrangler,DG13ZPG
411,Mustang,RI16DLA
412,PT Cruiser,ZV71PUU
413,Jetta,XN00CPD
414,Model S,RP81GVP
415,Fortwo,EQ98YZR
416,Challenger,BE98SDB
417,ATS,BT31VCB
418,Element,LM05FEO
419,Golf,OQ95ZLI
420,Impala,MY00DZX
421,Taurus,XG90SUV
422,Golf,MC97FII
423,Model 3,PY58MCS
424,Escalade,YZ02JZP
425,Golf,WX17KGH
426,Accord,IJ23OFH
427,A4,ZZ13XOW
428,1,KR14TOF
429,Roadster,QI99MEY
430,Model T,TH04DOC
431,Silverado,BW66WKB
432,XTS,HZ03DKS
433,Mustang,NG55ACP
434,XC90,FL04ZZQ
435,Spyder,HG31WAQ
436,Wrangler,IN25KUJ
437,Civic,UH07SMX
438,Jetta,SX45ZAT
439,Focus,UV67TVX
440,911,FU74AMG
441,911,TY03FSW
442,Colorado,NC49CXU
443,Wrangler,WE69RVE
444,Mustang,ZW43GTN
445,Altima,QZ32XOG
446,Model 3,KZ64SST
447,F-150,JV37ULO
448,LeBaron,RJ81FAB
449,Element,UR45EVN
450,Accord,EY89UTB
451,XC90,XB60UBD
452,Malibu,KQ23XTQ
453,LeBaron,AU22SUB
454,Grand Caravan,ZA95NDO
455,Escalade,FJ78HOF
456,Model 3,AQ04UKM
457,Aventador,WF32LPO
458,Taurus,TQ65EJR
459,Focus,AH34MQP
460,XTS,VE49OBY
461,Silverado,RB93SRC
462,Malibu,PM06MLX
463,Ranchero,SO78HYB
464,Charger,GY02DZO
465,Explorer,BL48ZRK
466,Golf,RW99BGP
467,Taurus,IO51WEF
468,Model Y,BH77EBQ
469,V90,BP54CJG
470,Camaro,WK32ICQ
471,Prius,ZV09YOJ
472,Explorer,SM57HUM
473,Taurus,HS10OMA
474,A4,RT98IOD
475,2,GW49YVF
476,Volt,CG72BRY
477,Aventador,FX70RTN
478,Fortwo,BL34HSN
479,Prius,YE67VLT
480,Charger,DH41NYS
481,Impala,UY27HTA
482,Challenger,IS19RAW
483,Colorado,JD61EPI
484,Grand Cherokee,CO66XSJ
485,El Camino,JI05VKR
486,2,MS31JBM
487,Malibu,EX07DSW
488,Mercielago,QO28SMM
489,Countach,GH25OPZ
490,CX-9,QG70FFF
491,CX-9,SI41SZI
492,CTS,JV58MXT
493,LeBaron,GY59QJG
494,Volt,NR58EDK
495,Accord,XA17SZA
496,ATS,DG66JLZ
497,Malibu,OA19INJ
498,LeBaron,CI94XRF
499,2,JM08TMF
500,Spyder,MC79LHW
501,Model S,HZ06ALF
502,Civic,OR76ULQ
503,Alpine,EB32YFB
504,Grand Caravan,XS70JNW
505,Cruze,SU31UYL
506,A8,WZ63MEY
507,CX-9,MA70FKB
508,A4,HE24AHT
509,Mercielago,LV39HPL
510,Aventador,EX35NKW
511,Explorer,EH12HNL
512,1,ZI30OIE
513,XC90,SG97IKM
514,Corvette,QF34LLD
515,Malibu,KG20PVL
516,Model T,VM23ZWN
517,Sentra,WP12MGQ
518,Silverado,YA80ODU
519,Beetle,XM92DJH
520,Fortwo,CI87QBN
521,Challenger,WL37BRL
522,Model T,QD92CSJ
523,XC90,GN83ZEN
524,Expedition,FS48RPW
525,Altima,JG43WOQ
526,Countach,OA34KJO
527,CX-9,FR75USL
528,ATS,FE13YGS
529,Altima,ND52WUF
530,Land Cruiser,NB79VJN
531,1,CD67MKS
532,Accord,KS27ADV
533,Expedition,MW67TFC
534,Grand Caravan,TW61RVY
535,LeBaron,KL98ZXY
536,Mustang,RV47NRP
537,Volt,WS59UJW
538,Model X,UV18PDW
539,Impala,UE91XUT
540,CTS,IL20RYE
541,Element,YI71ADE
542,Aventador,YD23IWF
543,Model X,NK81XET
544,Durango,HW37XYG
545,CTS,BM21JUB
546,Explorer,IY29VJQ
547,Wrangler,FZ89ORP
548,Grand Caravan,RL40UDE
549,Malibu,PF42VXT
550,Model 3,DH27BGY
551,Wrangler,IE27GXK
552,Golf,ZK90NOA
553,A4,UR91VBA
554,Countach,AI43CLD
555,Ranchero,TG68CRG
556,Model T,IR13VUA
557,Roadster,WG13GXT
558,XC90,DA12REQ
559,LeBaron,KC81BYP
560,Mercielago,MG39TEK
561,CTS,CT56LFW
562,Expedition,UB86JII
563,Escalade,ST41MHY
564,Model S,UO31HYK
565,Silverado,YW74VHU
566,Jetta,XQ24LQK
567,Altima,TD82LQY
568,F-150,WY42NTQ
569,V90,VO29UAH
570,F-150,FI10LOI
571,Explorer,ZK94MWD
572,Golf,JZ62MJQ
573,Sentra,KX41ZPG
574,Civic,FQ69EUR
575,Fiesta,KO12UJO
576,Aventador,SR68BIN
577,911,JE58UBM
578,Focus,UL05JPR
579,Ranchero,FF65QOL
580,1,OQ98VCQ
581,Volt,OL32JYP
582,Aventador,KU92ZXJ
583,Colorado,QU95PXM
584,Beetle,QE17CIY
585,XC90,TB57JTS
586,1,TK07NEJ
587,Altima,NU84HPQ
588,CX-9,GX07YJD
589,Silverado,BS76FVC
590,Spyder,VW15PFU
591,A8,HL47BOH
592,CX-9,IM12EDP
593,Model X,WN57UZD
594,V90,WM84PCF
595,Land Cruiser,YT44HXQ
596,Countach,WU06SRT
597,1,EQ68WEX
598,Fiesta,QT71CLB
599,Altima,FU72QJR
600,Camry,DQ84OAM
601,XTS,ZZ08FAD
602,Spyder,YC22KJD
603,Wrangler,HF89FNA
604,911,VI14VMO
605,Volt,OJ10LVS
606,Golf,FS19SSO
607,Mercielago,QB94IBP
608,Model T,EJ83FAI
609,Ranchero,HS31VLR
610,Silverado,PQ03JEK
611,Malibu,WZ46LRN
612,911,XY18JJU
613,Camry,KP67YSP
614,Wrangler,DE82XXW
615,PT Cruiser,DY98URW
616,Camry,XV68WOF
617,Wrangler,GR89FPQ
618,Silverado,QI44MQC
619,1,AC91AXJ
620,Mustang,UP12IEP
621,Model 3,IZ59OLD
622,A4,GJ86FXS
623,Golf,WL52TJN
624,Civic,VO75XZN
625,Explorer,FB72ZHO
626,Model 3,XW23GIC
627,A8,NP82NDX
628,CX-9,AX01OYI
629,Colorado,JG76QWO
630,Ranchero,VV75HVZ
631,Model S,DY49FQB
632,Grand Cherokee,IU71GAP
633,Sentra,IV45QCG
634,Jetta,PT80ZOD
635,Corvette,AU00KHP
636,Fortwo,WD00LPJ
637,Camry,GK44ACK
638,Civic,WH17KJS
639,Fortwo,JB23QFD
640,Grand Caravan,GQ59WXI
641,Sentra,XG07HRX
642,Cruze,SR59PPU
643,Expedition,JE08UNU
644,Escalade,LU67MJO
645,Colorado,SU60QFH
646,Accord,NL37SEK
647,Camaro,NS09IMD
648,Fortwo,MB14CEB
649,Model Y,VF54GJU
650,F-150,BM41SBS
651,Expedition,CL35JCG
652,Mercielago,CD62WEK
653,LeBaron,SV01OPW
654,Expedition,DG41LGZ
655,Altima,EX85YCY
656,Corvette,LE69QVB
657,Escalade,LN59MYX
658,Cruze,CT54FFE
659,Beetle,AK11PJM
660,Silverado,SU98HFT
661,Escalade,UC84ZGV
662,Cruze,DF96DNO
663,Camry,KI53TDI
664,Escalade,TH33MXY
665,Escalade,ZA33NAD
666,Colorado,QM90BUA
667,CX-9,IW07MOM
668,Land Cruiser,RY01TRV
669,Taurus,VF87HGC
670,Accord,JU07GII
671,Alpine,LY43GDQ
672,Model 3,DP14ZYR
673,Camaro,AV45FYY
674,El Camino,TF95GKP
675,2,CB47MQE
676,Cruze,PN23GOU
677,ATS,WR69KXC
678,Alpine,QF39NMO
679,Countach,LU96GYW
680,Focus,OQ17GQA
681,Countach,MK80FDF
682,Grand Caravan,WQ56VKR
683,Focus,CF24ECK
684,PT Cruiser,OQ54UHV
685,Volt,GH64KIU
686,Model T,IS46GZM
687,Corvette,WQ48ENP
688,El Camino,WF94MMX
689,Challenger,KE31ZNN
690,Cruze,JR87JMQ
691,Focus,KZ42QGK
692,Durango,DG48JVV
693,XTS,LV67ARM
694,Focus,SZ95AGF
695,Malibu,JO44YOF
696,Golf,CT32OGK
697,CX-9,RB55QBM
698,XC90,PB17IVH
699,Model T,PL98TAK
700,Silverado,PG22QRA
701,Charger,BM99WTQ
702,XTS,OA16AMY
703,Charger,JA97HMW
704,Civic,GU88WNT
705,Grand Caravan,AT54NTR
706,Fortwo,UQ48FMF
707,Grand Cherokee,UY94EGI
708,El Camino,SS43KQZ
709,Element,IX77XRI
710,PT Cruiser,OD47QXR
711,Silverado,RT38QKY
712,Taurus,JH60LUX
713,A4,XL41KYB
714,Spyder,CZ98KER
715,CTS,VR72YMS
716,Explorer,NC43FSV
717,Taurus,JS28IKG
718,Model S,HX42BUR
719,Altima,JQ69BYU
720,Altima,AX60LZM
721,Mustang,GW25LPC
722,A4,OY33DTF
723,Camry,QL12WFF
724,Fiesta,WE80FUJ
725,V90,YZ32INN
726,Corvette,JZ85WRD
727,Escalade,JN32COI
728,Impala,DP46ORT
729,Model S,BX68EGJ
730,Escalade,HP68MLY
731,A4,EQ70GZI
732,Spyder,VK89LZS
733,Corvette,CM99SHX
734,Mustang,HC51KTD
735,Ranchero,JH99LSF
736,Silverado,ZJ38OJH
737,Volt,AE74XUT
738,Element,OR61TQT
739,Model S,RF87QQI
740,Silverado,VK12OLE
741,Element,WS80JAW
742,Sentra,WN21ZMD
743,Expedition,VM32ZUE
744,Alpine,KC51QRP
745,Taurus,JE16CEU
746,Challenger,KE71MVA
747,Prius,SC45FXO
748,Grand Caravan,CA61XYS
749,CTS,UT46QHG
750,Charger,BU96WOG
751,Corvette,OQ10HFB
752,El Camino,RU00JBY
753,A4,GH51PGV
754,Model X,UH97FNI
755,Model X,NT65VVG
756,Mercielago,TE27KXB
757,Aventador,SR75EEM
758,Alpine,OM36OOQ
759,XC90,XT82NUT
760,Aventador,HE36AYM
761,Civic,FJ95SYE
762,XTS,AM84ROY
763,Altima,CC33QGN
764,Alpine,WA23WFN
765,Land Cruiser,HY38HNI
766,Durango,GR19APC
767,Silverado,MR86KNL
768,Aventador,HW99VHS
769,Wrangler,YE95LHL
770,Land Cruiser,OL71WND
771,Mustang,AL44CQP
772,Model T,YF63MSF
773,Alpine,EO49ABA
774,Alpine,HF15FMC
775,Charger,EL44LVG
776,Durango,JC42DEA
777,Model 3,ER32UNB
778,Countach,DL84YMU
779,El Camino,CT24RVL
780,Model 3,BV62YBP
781,V90,CH85TCI
782,Focus,MK48ULU
783,Sentra,RA46UFY
784,V90,BE55DID
785,Mustang,ZK04IBY
786,Countach,HQ87PCC
787,Charger,WF92OPM
788,1,EP12KOS
789,A4,SZ62EWC
790,1,UN59FNX
791,Durango,ME41XRF
792,Colorado,IA53IIY
793,Silverado,LS13LQF
794,Model T,AY79ZGX
795,Taurus,PL00KUQ
796,XTS,ER89HQS
797,Challenger,IH65MCD
798,911,IU38QBU
799,Fiesta,MG70FQJ
800,Jetta,XM18VWH
801,F-150,EO58GZH
802,Golf,ES89JMN
803,Expedition,IE24BLO
804,Durango,VW43TCH
805,Silverado,HU81VNG
806,El Camino,DR21YIT
807,Focus,AX91MVI
808,A4,SP65RIU
809,Spyder,NX42WEX
810,Mustang,TC38YGQ
811,Land Cruiser,MD99QKV
812,Charger,HP40YUJ
813,Grand Caravan,WO26DWL
814,Fortwo,BS93HNY
815,CX-9,GK06QWM
816,Mustang,IX69TKW
817,Colorado,SZ04JSE
818,CTS,VM52RIC
819,Expedition,UB24VPN
820,Challenger,OM24BHT
821,XC90,WU41KQG
822,Golf,JB66LJO
823,Land Cruiser,PF25JCU
824,Land Cruiser,LG23UKK
825,Ranchero,GN77SQB
826,ATS,GD02XGV
827,Volt,GV71OBJ
828,Model 3,KO60CLH
829,Element,HX02BKA
830,Countach,RH45XJV
831,Explorer,WX84DVX
832,Escalade,NH66UZL
833,Aventador,ZN94WOV
834,Sentra,AR45AHM
835,Cruze,BQ00GSM
836,Model Y,OX51OLD
837,Explorer,EV84RNB
838,A8,OK32LUD
839,Durango,NT59BLF
840,Colorado,QD78NUC
841,Wrangler,CW08GJY
842,Element,HW38BOV
843,Escalade,CN66GBR
844,LeBaron,AQ05ZFU
845,Mustang,LK77FZY
846,Model 3,XE28ZFZ
847,Wrangler,VW64GCF
848,Impala,SE97OIT
849,Expedition,CM15FYK
850,ATS,VJ81ZNW
851,El Camino,MP83MFC
852,Prius,PM10XBK
853,Durango,DH99HVE
854,XTS,ZR68HPT
855,Mustang,EU55YRM
856,V90,VZ93ELJ
857,XC90,DA24YUZ
858,XTS,LQ28MHS
859,A8,RZ36STN
860,A8,GO48YRC
861,Alpine,HQ76ESB
862,Taurus,BB62AOC
863,Impala,PU20LWB
864,Camaro,FN04YSZ
865,1,SQ19PEU
866,XTS,WK40HYD
867,Sentra,YV68QUO
868,XTS,CR42ADN
869,XTS,CR61NMT
870,Aventador,BZ56UTI
871,A4,HV40TGS
872,Roadster,QZ48MHU
873,Golf,MK15APB
874,Charger,AV21IMW
875,CTS,QP11GIN
876,PT Cruiser,KB25LHY
877,Volt,SX93WKI
878,Camry,BI64PPY
879,911,XF11DVI
880,Durango,VQ32TMW
881,ATS,VQ32EPT
882,Expedition,VF69QJA
883,F-150,FN13XTE
884,Alpine,QT00QJV
885,Durango,VB46AOX
886,Model X,LS85VLO
887,Model T,KG36VEV
888,Corvette,FL51RSM
889,Spyder,AB30HQA
890,V90,UA46JQK
891,Mustang,EJ14LNW
892,Fortwo,SF08DVA
893,Corvette,FL92JDP
894,2,ZB11RYS
895,Wrangler,DH08QAJ
896,Roadster,IQ28SSW
897,CX-9,OW73NVK
898,CTS,TO53OPN
899,Corvette,RB58XVD
900,Camry,MM16MRM
901,Grand Caravan,QI78QHB
902,Model T,GW97EVN
903,Model S,TR28UIW
904,Prius,MW75ZBJ
905,Grand Caravan,UP13IHQ
906,2,XE00FOD
907,V90,FN18ORR
908,F-150,UP46ASQ
909,Element,JR16NGD
910,ATS,NB35YUI
911,Prius,XY30CNP
912,V90,FS46ZVZ
913,Golf,UZ13ZXP
914,Land Cruiser,TQ97TED
915,1,YR27LAI
916,CX-9,XT24WFI
917,Land Cruiser,OM06ZGK
918,Land Cruiser,HT20FAO
919,Escalade,IT10CCU
920,Countach,MQ94RXR
921,Model T,VN56SSB
922,F-150,ZD24TBI
923,LeBaron,JP33VDO
924,Jetta,KI03CQS
925,Civic,EE42UFB
926,Grand Cherokee,MM56ANV
927,Spyder,WL25SUJ
928,Sentra,WE32GLO
929,Volt,NB28IXE
930,Focus,OA48HIN
931,1,AA56FBP
932,Accord,NE70DZX
933,Cruze,MN04JDC
934,Aventador,MJ40IGJ
935,Corvette,AU09PWA
936,Altima,JY31VZK
937,A4,IJ04SFF
938,Model X,DL90OUD
939,Model S,UI51ZJE
940,CTS,SV05FAL
941,Malibu,ZE79KMB
942,Cruze,BF98KFH
943,V90,KQ42HHO
944,XTS,FN12WWU
945,1,MK73UAV
946,LeBaron,ZM16IZM
947,Explorer,JJ16QDC
948,XC90,FC18NWW
949,Grand Caravan,ID02FES
950,Roadster,BO14HUP
951,Camry,YI94ZLB
952,XTS,ZG28GNQ
953,Grand Caravan,SP01PHS
954,Volt,FH24ELO
955,Grand Caravan,DB29KMC
956,Fiesta,PR91FKB
957,Model T,TX96FVK
958,Expedition,GU65KNS
959,Fiesta,UV92PGA
960,CX-9,SO44DBN
961,Aventador,UP57FJN
962,ATS,EJ67JFC
963,Roadster,AE98RYE
964,Grand Caravan,ZG02XKV
965,Focus,DO47BXZ
966,Golf,YX97TXZ
967,Prius,NR09AFZ
968,Malibu,XF95LQM
969,A4,OD39DDM
970,Altima,KM33JIR
971,Corvette,BP86RMO
972,Altima,WE39VCQ
973,Aventador,TP47OHU
974,Beetle,QH89UHE
975,Malibu,SP52TMN
976,Jetta,XI27DCM
977,Grand Caravan,VK90SCY
978,Charger,ZV50MAI
979,Grand Caravan,KN89CYS
980,Grand Caravan,KJ58GQQ
981,Sentra,IA61UWX
982,Cruze,HT81ULM
983,Expedition,ZT97RBF
984,ATS,DT15TMO
985,Land Cruiser,HB87TYA
986,CX-9,NZ68JXH
987,Camaro,XR17QTK
988,Fortwo,OP19FCH
989,Accord,IJ78HPL
990,PT Cruiser,WW76LVP
991,F-150,PX61VFQ
992,Fiesta,RW69FLT
993,Volt,GE23YVJ
994,El Camino,OE21AAQ
995,Model Y,DP54ZOZ
996,Beetle,KO14GNV
997,911,WC76WYG
998,XC90,VN38NCJ
999,Wrangler,TG18YFP
1000,XTS,NP73CUV
